db,uu,ug,ur,ui,uz,uy,gg,gr,gi,gz,gy,rr,ri,rz,ry,ii,iz,iy,zz,zy,yy
baseline_v1.5_10yrs.db,573.4684297527492,424.70453446396414,696.5178022833835,308.1092449240775,,,1273.9442733726012,934.0649619613465,217.93320384591854,2.102842230308399,0.003482281583927864,4390.148151133477,1662.2148858437495,45.219276426892584,1.6065319656893258,5184.8549664236725,1727.4149508544892,853.9355304343221,3891.7010580742185,2305.078980260973,3384.9966178713935
