db,uu,ug,ur,ui,uz,uy,gg,gr,gi,gz,gy,rr,ri,rz,ry,ii,iz,iy,zz,zy,yy
baseline_v1.5_10yrs.db,1.3451040688009646,0.013811783256974068,0.13106040111976572,0.0010199129029572437,,,1.9188984593499037,0.11709384876086427,0.0012719222543246514,,,4.406008665113971,0.00980865757865217,0.0007837390765034353,,2.238498409188679,0.2040613480473604,0.01062798094607562,3.4459372917198867,0.07192297719566303,4.130709053370218
