db,uu,ug,ur,ui,uz,uy,gg,gr,gi,gz,gy,rr,ri,rz,ry,ii,iz,iy,zz,zy,yy
baseline_v1.5_10yrs.db,1417.0646372205845,1250.3091047932512,1816.017343571406,479.7289377687979,,,2956.649240529058,2357.3640783104975,323.16324044615834,29.758099372706724,0.0035187877287828854,7713.058137668789,2449.421791934563,284.7879166100507,3.8024426965571054,7001.64217069084,2865.9267677056823,1415.2238233629225,5422.071467740269,3545.1679763221077,6093.5079740921055
