db,uu,ug,ur,ui,uz,uy,gg,gr,gi,gz,gy,rr,ri,rz,ry,ii,iz,iy,zz,zy,yy
baseline_v1.5_10yrs.db,17.577724198840823,2.051626887440289,16.977555092174658,0.0007837390765034353,,,24.788867468364625,7.692360246391503,0.02239491779185394,,,125.38935162045769,0.1361199933381888,0.000991397606183697,0.0006284547612558839,128.7587156547581,19.99518851163117,0.12380677472963189,200.35892721619547,1.3743352142092127,46.89043189532171
