db,uu,ug,ur,ui,uz,uy,gg,gr,gi,gz,gy,rr,ri,rz,ry,ii,iz,iy,zz,zy,yy
baseline_nexp1_v1.7_10yrs.db,750.1824280248758,407.452902621991,977.9872752400522,246.72587350750263,,,1403.8102215162419,1502.256907472629,54.07021167479393,0.5744450381488599,0.028277022999332917,6496.708501568074,1915.5203701731245,116.71551188715976,0.39528928117229856,5637.667471633824,1766.6333587134147,870.3273725612335,5749.626691750372,2280.6621718840406,4645.404581918041
